Date,Product,Quantity,Sales
2024-01-01,Widget A,10,5.50
2024-01-01,Widget B,5,12.00
2024-01-01,Widget C,8,3.25
2024-01-02,Widget A,7,5.50
2024-01-02,Widget B,3,12.00
2024-01-02,Widget C,12,3.25
2024-01-03,Widget A,15,5.50
2024-01-03,Widget B,,12.00
2024-01-03,Widget C,9,3.25
2024-01-04,Widget A,6,5.50
2024-01-04,Widget B,4,12.00
2024-01-04,Widget D,20,2.10
2024-01-05,Widget A,11,5.50
2024-01-05,Widget C,14,3.25
2024-01-05,Widget D,18,2.10
2024-01-06,Widget A,9,5.50
2024-01-06,Widget B,6,12.00
2024-01-06,Widget C,10,3.25
2024-01-06,Widget D,,2.10
2024-01-07,Widget A,13,5.50
2024-01-07,Widget B,7,12.00
2024-01-07,Widget D,22,2.10
